star_no,first_name,last_name,job_title,department_id
1006,Mariel,Boullen,Editor,1
1012,Ransom,Million,Speech Pathologist,1
1018,Finn,Janacek,Occupational Therapist,1
1024,Channa,Alleway,Assistant Professor,1
1030,Wileen,Learie,Mechanical Systems Engineer,1
1036,Evelyn,Smalles,Chemical Engineer,1
1042,Ollie,Wason,Recruiter,1
1048,Grete,Kislingbury,Speech Pathologist,1
1054,Marchelle,Kerby,Senior Editor,1
1060,Wandis,Sherebrook,Director of Sales,1
1066,Franklin,Drust,Budget/Accounting Analyst I,1
1072,Mickey,Tait,Accounting Assistant IV,1
1078,Lian,Thewless,VP Sales,1
1084,Molli,Crouse,Financial Analyst,1
1090,Rollo,Feldmark,Librarian,1
1096,Loralyn,Lodder,Information Systems Manager,1
1102,Shaun,Porkiss,Senior Financial Analyst,1
1108,Darcey,Jills,Chemical Engineer,1
1114,Virgilio,Blackshaw,VP Product Management,1
1120,Elmo,Smidmor,Professor,1
1126,Nickie,Ribey,Graphic Designer,1
1132,Elwood,Ledster,Senior Sales Associate,1
1138,Ingelbert,McVaugh,Nurse Practicioner,1
1144,Napoleon,Linnane,Community Outreach Specialist,1
1150,Stephanus,Gregor,Chief Design Engineer,1
1156,Lemmie,Knok,Clinical Specialist,1
1162,Addy,Carty,Geological Engineer,1
1168,Celia,MacCambridge,Civil Engineer,1
1174,Dave,Hadigate,Sales Representative,1
1180,Malia,Tallon,Technical Writer,1
1186,Desdemona,Stendall,Database Administrator III,1
1192,Quent,Rihosek,Administrative Officer,1
1198,Kitti,Amer,Senior Sales Associate,1
1204,Averil,Harner,Assistant Manager,1
1210,Aaren,Menary,Staff Scientist,1
1216,Henryetta,Abramchik,Automation Specialist IV,1
1222,Bogart,Gueste,Nurse Practicioner,1
1228,Gilberta,Carlill,Paralegal,1
1234,Corine,Croot,Health Coach I,1
1240,Justino,Auletta,Business Systems Development Analyst,1
1246,Flossy,Maudling,Tax Accountant,1
1252,Harp,McCosh,VP Sales,1
1258,Antoine,Volleth,Legal Assistant,1
1264,Hatti,Boerder,Software Consultant,1
1270,Torin,Niblock,Editor,1
1276,Kaela,McMylor,Dental Hygienist,1
1282,Kristan,Tordoff,Biostatistician III,1
1288,Bax,Giovannetti,Cost Accountant,1
1294,Rafaelita,Deards,Community Outreach Specialist,1
1300,Jamal,McKinie,Civil Engineer,1
1306,Alica,MacKaile,GIS Technical Architect,1
1312,Denna,Malkin,Nuclear Power Engineer,1
1318,Lothario,Joan,VP Quality Control,1
1324,Fidelia,Rowena,Associate Professor,1
1330,Cliff,Tapp,Safety Technician IV,1
1336,Elenore,Weedenburg,Chemical Engineer,1
1342,Blondy,Causnett,Programmer II,1
1348,Katinka,Kenson,General Manager,1
1354,Devan,Divina,Staff Scientist,1
1360,Loleta,Murdoch,Electrical Engineer,1
1366,Udell,Draysay,Engineer II,1
1372,Amandie,Stiegers,Research Associate,1
1378,Brig,Benninger,Software Test Engineer IV,1
1384,Dallas,Tunuy,Clinical Specialist,1
1390,Odette,Brozsset,Chief Design Engineer,1
1396,Jeanie,Ginty,Senior Quality Engineer,1
1402,Georgeanne,Couper,Information Systems Manager,1
1408,Aeriela,Winkett,Pharmacist,1
1414,Nevins,Donet,Programmer Analyst II,1
1420,Woody,Danihel,Account Executive,1
1426,Alastair,Wenger,Office Assistant IV,1
1432,Arabella,Chapellow,Marketing Assistant,1
1438,Hulda,Elwyn,Programmer Analyst II,1
1444,Anders,Ramsdale,Occupational Therapist,1
1450,Frederique,Stirzaker,Accountant I,1
1456,Brita,Stock,Junior Executive,1
1462,Vida,Lampard,Teacher,1
1468,Zacharia,Philipeaux,Payment Adjustment Coordinator,1
1474,Michelina,Vogelein,Dental Hygienist,1
1480,Glenn,Chatburn,Assistant Manager,1
1486,Rosalynd,Jacklin,Business Systems Development Analyst,1
1492,Gerry,Rumin,Web Developer I,1
1498,Hervey,Semered,Software Consultant,1
1504,Val,Seckington,Sales Associate,1
1510,Lindy,Hawkslee,Legal Assistant,1
1516,Ivan,Scanterbury,VP Marketing,1
1522,Kingsley,Fausset,Associate Professor,1
1528,James,Bambridge,Assistant Manager,1
1534,Gilly,Lomen,Financial Advisor,1
1540,Corrine,Ferretti,Senior Editor,1
1546,Aida,Yakuntzov,GIS Technical Architect,1
1552,Carson,McCoughan,Legal Assistant,1
1558,Merrel,Messitt,Electrical Engineer,1
1564,Audrye,Feye,Staff Accountant IV,1
1570,Phaedra,Treece,Technical Writer,1
1576,Nickola,Olenchenko,Senior Quality Engineer,1
1582,Dollie,Tytler,Senior Quality Engineer,1
1588,Tatiania,Broscombe,Geological Engineer,1
1594,Carney,Girardin,Administrative Officer,1
1600,Tiffi,Greenig,Environmental Specialist,1
1606,Cammy,Kores,Senior Quality Engineer,1
1612,Winifield,Whitter,Nurse,1
1618,Bliss,Hanscom,GIS Technical Architect,1
1624,Collen,Demer,Payment Adjustment Coordinator,1
1630,Allie,Doxsey,Product Engineer,1
1636,Leandra,Heeps,Budget/Accounting Analyst II,1
1642,Valery,Cockcroft,Research Assistant III,1
1648,Brenden,Hursthouse,Staff Scientist,1
1654,Trixie,Torbett,Tax Accountant,1
1660,Corrie,Maleney,Graphic Designer,1
1666,Melantha,Pooly,Teacher,1
1672,Lilas,Longhirst,Statistician III,1
1678,Gerhardt,Scogings,Data Coordiator,1
1684,Tobe,Russon,Business Systems Development Analyst,1
1690,Blinnie,Bellingham,Account Coordinator,1
1696,Jesselyn,Cato,Occupational Therapist,1
1702,Gregory,Youngs,Librarian,1
1708,Gardner,Larkins,Speech Pathologist,1
1714,Georg,Solloway,Design Engineer,1
1720,Jorey,Hamil,Technical Writer,1
1726,Tripp,Durbyn,Marketing Manager,1
1732,Pierce,Gager,Geological Engineer,1
1738,Deane,Burridge,Systems Administrator IV,1
1744,Waiter,Chaffen,Financial Advisor,1
1750,Paula,Vickers,Environmental Tech,1
1756,Lonnard,Roose,Human Resources Assistant IV,1
1762,Ellen,Wimsett,Chief Design Engineer,1
1768,Torrin,Guidoni,VP Product Management,1
1774,Eva,Isham,Software Engineer III,1
1780,Merrick,Aylin,Nuclear Power Engineer,1
1786,Ty,Malt,Environmental Tech,1
1792,Mack,Etienne,Director of Sales,1
1798,Michal,Pealing,Occupational Therapist,1
1804,Corrie,Cherryman,Director of Sales,1
1810,Marina,Tackett,Civil Engineer,1
1816,Leilah,Versey,Marketing Assistant,1
1822,Chanda,Fayre,Quality Control Specialist,1
1828,Rawley,Starton,Speech Pathologist,1
1834,Sibilla,Constantine,Pharmacist,1
1840,Jorey,Oris,Account Executive,1
1846,Zelma,Langthorne,Biostatistician I,1
1852,Rozalin,Reynolds,Tax Accountant,1
1858,Honoria,Brunnstein,Analog Circuit Design manager,1
1864,Angelico,McIllrick,Environmental Tech,1
1870,Cloe,Rosoni,Biostatistician II,1
1876,Hewitt,Roark,Sales Associate,1
1882,Berti,McGilbon,VP Marketing,1
1888,Eadith,Forsdyke,Geologist IV,1
1894,Ingra,Josselsohn,Human Resources Assistant IV,1
1900,Mitchael,Cadagan,Sales Representative,1
1906,Tiffy,Basill,Dental Hygienist,1
1912,Alaric,MacTeggart,Programmer Analyst III,1
1918,Dennie,Izakovitz,Professor,1
1924,Waldon,Webley,Dental Hygienist,1
1930,Curran,Giametti,Database Administrator IV,1
1936,Shermie,Caser,Database Administrator I,1
1942,Fallon,Donisthorpe,Human Resources Manager,1
1948,Nolana,Crisell,Dental Hygienist,1
1954,Florance,Vanyarkin,Nuclear Power Engineer,1
1960,Madalena,Witsey,Sales Associate,1
1966,Zulema,Sclater,Help Desk Technician,1
1972,Desirae,Sainz,Editor,1
1978,Em,Ulrik,VP Quality Control,1
1984,Mabel,Rash,Marketing Manager,1
1990,Mureil,Lipp,Payment Adjustment Coordinator,1
1996,Neddie,Locke,Structural Analysis Engineer,1
2002,Edik,Martt,Account Executive,1
2008,Shari,Munns,Account Executive,1
2014,Laughton,Terry,Structural Engineer,1
2020,Harris,Hannond,GIS Technical Architect,1
2026,Selia,Reast,Marketing Manager,1
2032,Cristionna,Iorillo,Director of Sales,1
2038,Dewey,Lorinez,Environmental Specialist,1
2044,Latashia,Trunks,Statistician IV,1
2050,Walton,Rudgerd,Business Systems Development Analyst,1
2056,Marietta,Bahls,Project Manager,1
2062,Glenn,Hanshaw,Mechanical Systems Engineer,1
2068,Alexis,Kennett,Project Manager,1
2074,Esmaria,McLagain,Data Coordiator,1
2080,Tracie,Tortis,Mechanical Systems Engineer,1
2086,Morgen,Mahaffey,Research Nurse,1
2092,Ailyn,Ginn,Chemical Engineer,1
2098,Mavra,Garatty,Account Executive,1
2104,Felipe,Gilman,Sales Associate,1
2110,Constantino,Iveagh,Nurse,1
2116,Corina,Guillou,Clinical Specialist,1
2122,Janeva,Heaysman,Assistant Professor,1
2128,Gustave,Adlem,Senior Financial Analyst,1
2134,Bearnard,Swindell,Nurse,1
2140,Bird,Fairholme,Automation Specialist III,1
2146,Emmalyn,Murrthum,Structural Engineer,1
2152,Hermie,Boulger,Editor,1
2158,Jabez,Adicot,Occupational Therapist,1
2164,Kris,Apark,Food Chemist,1
2170,Brynne,Syphus,Senior Sales Associate,1
2176,Ethelred,Salery,Engineer I,1
2182,Bernardina,McLay,Clinical Specialist,1
2188,Warren,Ben-Aharon,Pharmacist,1
2194,Muffin,Jugging,VP Sales,1
2200,Gib,Blunsen,Senior Sales Associate,1
2206,Chantal,Callister,VP Sales,1
2212,Lauritz,Jubb,Editor,1
2218,Alva,Leyes,Research Assistant IV,1
2224,Brier,Greenhall,Biostatistician I,1
2230,Sebastian,Jarmyn,Information Systems Manager,1
2236,Ari,Toth,VP Accounting,1
2242,Tani,Dinneen,Senior Financial Analyst,1
2248,Fletcher,Redmond,Teacher,1
2254,Alic,Skym,Mechanical Systems Engineer,1
2260,Waverly,Brugman,Financial Advisor,1
2266,Igor,Servant,Staff Scientist,1
2272,Gerrard,Yearsley,Account Executive,1
2278,Verile,Mee,Recruiting Manager,1
2284,Francisco,Sharman,Assistant Professor,1
2290,Lindy,Craigie,Dental Hygienist,1
2296,Margaret,DelaField,Analog Circuit Design manager,1
2302,Orelia,Forgan,Civil Engineer,1
2308,Henry,Portress,Human Resources Assistant III,1
2314,Roth,Morot,Administrative Officer,1
2320,April,Yeskov,Marketing Assistant,1
2326,Carla,Sauvage,Biostatistician III,1
2332,Mayer,Newberry,Actuary,1
2338,Arnie,Berrigan,Human Resources Assistant II,1
2344,Flemming,Whittles,Developer IV,1
2350,Thurston,Radke,Senior Financial Analyst,1
2356,Gweneth,Dale,Automation Specialist III,1
2362,Krysta,Karleman,VP Quality Control,1
2368,Angel,Gidney,VP Product Management,1
2374,Kennie,Mc Harg,Software Engineer III,1
2380,Gwenny,Simony,Programmer IV,1
2386,Kaila,Harkins,Database Administrator IV,1
2392,Odelle,Stiggles,Staff Scientist,1
2398,Manuel,Daverin,Editor,1
2404,Sophronia,Giller,Geologist IV,1
2410,Giles,Cristofalo,Information Systems Manager,1
2416,Forest,Filshin,Developer III,1
2422,Bernard,Durn,Speech Pathologist,1
2428,Lauree,Crose,Chief Design Engineer,1
2434,Charlie,Ruscoe,Financial Advisor,1
2440,Kary,Girke,Software Engineer II,1
2446,Elyssa,Leary,Statistician I,1
2452,Tate,Tewelson,Operator,1
2458,Paula,Cowin,Research Assistant III,1
2464,Quintin,Meininger,General Manager,1
2470,Phoebe,Blowfelde,Occupational Therapist,1
2476,Raddie,Oxbury,Nurse,1
2482,Felice,Weekly,Executive Secretary,1
2488,Levi,Idel,Geologist I,1
2494,Rowan,Rosberg,Civil Engineer,1
2500,Dwayne,McGinny,Chief Design Engineer,1
2506,Livia,Attkins,General Manager,1
2512,Rodney,Jenson,Cost Accountant,1
2518,Andrey,Handsheart,Professor,1
2524,Andi,Ellershaw,Recruiting Manager,1
2530,Katie,Bruster,Programmer II,1
2536,Orran,Livsey,Database Administrator I,1
2542,Annice,Gwilliam,Operator,1
2548,Jessi,Tarplee,Paralegal,1
2554,Faun,Ellesworth,Quality Control Specialist,1
2560,Quillan,Forst,Biostatistician IV,1
2566,Noellyn,Witten,Analyst Programmer,1
2572,Aymer,Sweatman,Mechanical Systems Engineer,1
2578,Hernando,Fattore,Social Worker,1
2584,Luella,Rozzier,Web Designer II,1
2590,Elaine,Colborn,Staff Scientist,1
2596,Cathrine,Lebel,Assistant Manager,1
2602,Gasper,Bothie,Professor,1
2608,Cameron,Tummond,Marketing Assistant,1
2614,Renaud,Morris,Occupational Therapist,1
2620,Vittoria,Garretson,Food Chemist,1
2626,Saba,Gilberthorpe,Analyst Programmer,1
2632,Jameson,Muscott,Tax Accountant,1
2638,Caryn,Hritzko,Recruiter,1
2644,Claribel,Falla,Web Developer IV,1
2650,Lora,Boyall,Research Nurse,1
2656,Aliza,Hubane,General Manager,1
2662,Tailor,Cuardall,Accounting Assistant III,1
2668,Roseann,Downe,Project Manager,1
2674,Elga,Tetley,Senior Sales Associate,1
2680,Glennie,Connue,Senior Developer,1
2686,Vanya,Scandrite,Quality Control Specialist,1
2692,Pauletta,Thurske,Senior Developer,1
2698,Adelaide,Ilson,VP Marketing,1
2704,Alaric,Kempster,Legal Assistant,1
2710,Quinn,Verney,Graphic Designer,1
2716,Zolly,Forman,Marketing Manager,1
2722,Lennie,Boyington,Graphic Designer,1
2728,Lem,Peat,Design Engineer,1
2734,Normy,Laugherane,Operator,1
2740,Bibbie,Lynam,Quality Engineer,1
2746,Brook,Tomlin,Sales Associate,1
2752,Barnabe,Phelipeau,Legal Assistant,1
2758,Kerk,Taffie,Speech Pathologist,1
2764,Winnifred,Ojeda,Occupational Therapist,1
2770,Giraldo,Buddleigh,Sales Associate,1
2776,Roch,Sancias,Editor,1
2782,Tim,Dradey,Statistician IV,1
2788,Jess,Swash,Marketing Assistant,1
2794,Bartholomeo,Zoellner,Programmer III,1
2800,Adiana,Fluin,Database Administrator III,1
2806,Mildrid,Cicero,Office Assistant IV,1
2812,Magdaia,MacAnellye,Nurse Practicioner,1
2818,Anabelle,Philp,Chief Design Engineer,1
2824,Manfred,Kenset,Paralegal,1
2830,Carlos,Maggiore,Occupational Therapist,1
2836,Wyatt,Kinavan,Product Engineer,1
2842,Esther,Ordidge,Account Executive,1
2848,Malia,Elion,Software Test Engineer I,1
2854,Andriette,Roskell,Legal Assistant,1
2860,Kelila,Errichiello,Administrative Assistant I,1
2866,Yorgos,MacGinney,Design Engineer,1
2872,Valaree,Tomsen,Software Engineer II,1
2878,Helaine,Galletley,Systems Administrator I,1
2884,Darbee,Gentner,Technical Writer,1
2890,Allix,Mc Coughan,VP Quality Control,1
2896,Lila,Gerry,Paralegal,1
2902,Anne-corinne,Tandey,Environmental Specialist,1
2908,Marlena,Lankford,Office Assistant I,1
2914,Tim,Pietraszek,Assistant Professor,1
2920,Antin,Lepard,Health Coach I,1
2926,Astrid,Worcs,VP Product Management,1
2932,Hester,Morman,Automation Specialist III,1
2938,Denver,Succamore,Operator,1
2944,Birch,Petran,Account Coordinator,1
2950,Pearline,Lobb,Nuclear Power Engineer,1
2956,Grover,Possa,Database Administrator III,1
2962,Madeleine,Thurlow,Quality Control Specialist,1
2968,Stacee,Hayford,VP Product Management,1
2974,Corrine,Bricknell,Account Executive,1
2980,Derward,Etienne,Research Associate,1
2986,Maurits,Flobert,Analyst Programmer,1
2992,Kathye,Blaber,Assistant Manager,1
2998,Teodoro,Moors,Environmental Specialist,1
3004,Robin,Minocchi,Financial Analyst,1
3010,Melessa,Seiter,Structural Engineer,1
3016,Gwenore,Withey,Community Outreach Specialist,1
3022,Neddy,Duer,Pharmacist,1
3028,Odelia,Fewell,Dental Hygienist,1
3034,Gilberto,Yabsley,Senior Developer,1
3040,Rickert,Redfield,Sales Representative,1
3046,Marion,Heliar,Nuclear Power Engineer,1
3052,Ardelle,Reeds,VP Marketing,1
3058,Ramsey,Cosgreave,Editor,1
3064,Mel,Beernt,Analyst Programmer,1
3070,Rosemarie,Ayris,Account Executive,1
3076,Donal,Morey,Associate Professor,1
3082,Fernande,Tadd,Registered Nurse,1
3088,Giselle,Di Ruggero,Clinical Specialist,1
3094,Sancho,O'Sharkey,Account Executive,1
3100,Stafford,Schimank,Pharmacist,1
3106,Kalvin,Skelbeck,Legal Assistant,1
3112,Ange,Welch,Internal Auditor,1
3118,Ruttger,Dews,Electrical Engineer,1
3124,Elspeth,Provost,Financial Advisor,1
3130,Rafe,Willison,Financial Analyst,1
3136,Salaidh,Blouet,Teacher,1
3142,Ardith,Spilsbury,Clinical Specialist,1
3148,Tarra,Langstone,VP Accounting,1
3154,Kalina,Caramuscia,Developer II,1
3160,Karolina,Minichillo,Administrative Assistant II,1
3166,Halsey,Emeny,Graphic Designer,1
3172,Wyn,McComish,Legal Assistant,1
3178,Corinne,Filgate,Senior Editor,1
3184,Nelia,Duffell,Marketing Manager,1
3190,Tonnie,Losebie,Legal Assistant,1
3196,Ashlan,Mordue,Help Desk Operator,1
3202,Leicester,Souley,VP Product Management,1
3208,Revkah,Force,Staff Scientist,1
3214,Neel,Ludlamme,Software Engineer I,1
3220,Hillery,Nunn,Account Representative I,1
3226,Brynn,Pavlovsky,Software Test Engineer III,1
3232,Rubie,Cossell,Automation Specialist III,1
3238,Zia,Dye,Human Resources Assistant III,1
3244,Yelena,Guswell,Account Representative I,1
3250,Darla,Corrison,Engineer IV,1
3256,Giorgio,Gingold,Web Designer II,1
3262,Evangeline,Fiske,Financial Analyst,1
3268,Kimbell,Gorring,Administrative Assistant I,1
3274,Ignatius,Wardle,GIS Technical Architect,1
3280,Henryetta,Blogg,Administrative Officer,1
3286,Arel,Sheldon,Cost Accountant,1
3292,Catharine,Killford,Administrative Officer,1
3298,Averyl,Buie,Speech Pathologist,1
3304,Bronson,Dumbell,Geologist II,1
3310,Katusha,Barrett,Registered Nurse,1
3316,Donetta,McClean,Teacher,1
3322,Jens,Ghidoli,Automation Specialist I,1
3328,Marysa,Goodhew,Financial Analyst,1
3334,Kristen,Mylechreest,Graphic Designer,1
3340,Vivienne,Dyet,Executive Secretary,1
3346,Andres,Toderi,Business Systems Development Analyst,1
3352,Towney,Drinkale,Statistician II,1
3358,Delaney,Hamber,Marketing Assistant,1
3364,Bryant,Reddan,Budget/Accounting Analyst II,1
3370,Vanya,Bithany,Structural Engineer,1
3376,Jandy,Stigers,Geologist IV,1
3382,Gerhardt,MacKerley,Automation Specialist IV,1
3388,Jacquelin,Russi,Tax Accountant,1
3394,Kathy,Saltman,Web Developer I,1
3400,Dore,Inwood,Junior Executive,1
3406,Bertrand,Kerswill,Staff Scientist,1
3412,Melisandra,Pursglove,Teacher,1
3418,Heida,Buckles,Occupational Therapist,1
3424,Riki,Pergens,Community Outreach Specialist,1
3430,Jany,Tures,Information Systems Manager,1
3436,Vita,Sneezum,Business Systems Development Analyst,1
3442,Christy,Estrella,Business Systems Development Analyst,1
3448,Auguste,Lubbock,Safety Technician I,1
3454,Austin,Bonnyson,Chief Design Engineer,1
3460,Mauricio,Gyver,Financial Analyst,1
3466,Emmey,O'Mullaney,VP Accounting,1
3472,Constantine,Clench,Assistant Media Planner,1
3478,Denver,Elvins,Accounting Assistant II,1
3484,Wilburt,Ferrara,Clinical Specialist,1
3490,Linell,Havick,Chief Design Engineer,1
3496,Emile,Winspurr,Account Coordinator,1
3502,Dimitry,Clulow,Nurse Practicioner,1
3508,Maxim,Suscens,Physical Therapy Assistant,1
3514,Bamby,Kintzel,Product Engineer,1
3520,Virge,Friedank,Legal Assistant,1
3526,Ruthie,Scibsey,Statistician III,1
3532,Reginauld,Dummett,Junior Executive,1
3538,Catherine,Bassano,Budget/Accounting Analyst III,1
3544,Marylin,Seawright,Assistant Media Planner,1
3550,Gottfried,Hyett,Internal Auditor,1
3556,Haleigh,Locock,Accounting Assistant I,1
3562,Matthus,Medford,Help Desk Operator,1
3568,Lemmie,Lavrinov,VP Accounting,1
3574,Anallese,Eales,Junior Executive,1
3580,Bryan,Buffery,Analyst Programmer,1
3586,Levi,Huxster,Social Worker,1
3592,Paula,Mackriell,Dental Hygienist,1
3598,Joyann,Eisig,Chief Design Engineer,1
3604,Vance,Saunder,Quality Control Specialist,1
3610,Torry,Ettles,Health Coach IV,1
3616,Frederique,Janny,Human Resources Assistant III,1
3622,Tommi,Blodgett,Food Chemist,1
3628,Nollie,Caselick,Geologist I,1
3634,Becka,Lurriman,Geological Engineer,1
3640,Dareen,Rheubottom,Assistant Professor,1
3646,Marin,Leindecker,Community Outreach Specialist,1
3652,Eloisa,Castanie,Mechanical Systems Engineer,1
3658,Myra,Baud,Help Desk Operator,1
3664,Madeleine,Cunniam,Director of Sales,1
3670,Dallon,Tonkes,Graphic Designer,1
3676,Reynolds,Chelsom,Teacher,1
3682,Jeni,Copnell,Assistant Media Planner,1
3688,Corey,Beaven,Librarian,1
3694,Darcy,Lambdin,Analyst Programmer,1
3700,Leonanie,Le land,Director of Sales,1
3706,Marguerite,Peegrem,Human Resources Assistant II,1
3712,Aurea,Gabriely,Quality Engineer,1
3718,Charles,Tonkes,Occupational Therapist,1
3724,Zelig,Petford,Pharmacist,1
3730,Natalie,Buckthought,Environmental Tech,1
3736,Johnnie,Dumbar,Electrical Engineer,1
3742,Nikolos,Poynor,Internal Auditor,1
3748,Dene,Broe,Cost Accountant,1
3754,Kattie,Mycroft,Data Coordiator,1
3760,Halli,Garfield,Product Engineer,1
3766,Arte,Raison,Software Consultant,1
3772,Bret,Weatherley,Teacher,1
3778,Elsbeth,Timpany,VP Product Management,1
3784,Griffin,McLeese,Recruiter,1
3790,Conney,Cluley,Cost Accountant,1
3796,Luci,Gremane,Social Worker,1
3802,Caril,Yabsley,Civil Engineer,1
3808,Rennie,Gartrell,Occupational Therapist,1
3814,Jesselyn,MacPhee,Quality Control Specialist,1
3820,Cristabel,Allsop,Staff Scientist,1
3826,Rickey,McAuliffe,Tax Accountant,1
3832,Malia,Paylie,Account Representative III,1
3838,Virgie,Battill,Electrical Engineer,1
3844,Francois,Dobbing,Payment Adjustment Coordinator,1
3850,Whitney,MacKissack,Programmer Analyst I,1
3856,Pearline,Sargeaunt,Help Desk Technician,1
3862,Dorothy,Wigfall,Safety Technician I,1
3868,Tonie,Rance,Geological Engineer,1
3874,Selena,Ash,Operator,1
3880,Glynda,Nowaczyk,VP Accounting,1
3886,Dani,Akred,Web Developer III,1
3892,Waylin,Hargitt,Staff Accountant II,1
3898,Benn,Feetham,Civil Engineer,1
3904,Kimble,Biskupski,Nurse,1
3910,Kathryne,Taffee,Account Coordinator,1
3916,Buiron,Yeardley,Human Resources Assistant III,1
3922,Lulita,Moodey,Pharmacist,1
3928,Fritz,O'Codihie,Engineer I,1
3934,Kellen,Drance,Tax Accountant,1
3940,Agatha,Coultous,Information Systems Manager,1
3946,Peyton,Trenear,Civil Engineer,1
3952,Julee,Belk,Environmental Tech,1
3958,Harrie,Jeacop,Quality Engineer,1
3964,Stu,Skea,Research Assistant I,1
3970,Ruprecht,Perford,Tax Accountant,1
3976,Dyna,Allchorne,VP Accounting,1
3982,Latrena,Pelosi,Programmer Analyst III,1
3988,Cory,Napper,Internal Auditor,1
3994,Wesley,Gooke,Professor,1
4000,Monique,Bartolomeoni,VP Marketing,1
4006,Nestor,McMorland,Business Systems Development Analyst,1
4012,Russell,Cumpton,Community Outreach Specialist,1
4018,Jim,Scallon,Marketing Assistant,1
4024,Harmonia,Drabble,Office Assistant II,1
4030,Rickey,Arnholtz,Speech Pathologist,1
4036,Ambrosi,Fadian,Teacher,1
4042,Carolynn,Megarrell,Staff Scientist,1
4048,Cindra,Britt,Help Desk Operator,1
4054,Aldis,Bouette,Financial Advisor,1
4060,Ingaberg,Batteson,Nuclear Power Engineer,1
4066,Edi,Moden,Office Assistant I,1
4072,Lindy,Harkin,Financial Analyst,1
4078,Fleming,Popland,Sales Associate,1
4084,Velvet,O'Leahy,Environmental Tech,1
4090,Ellswerth,Liebermann,Administrative Assistant IV,1
4096,Clarinda,Calafate,Environmental Specialist,1
4102,Joanna,Jearum,Programmer Analyst I,1
4108,Torre,Assur,Pharmacist,1
4114,Sibylle,Takkos,Sales Associate,1
4120,Carolan,Plaid,Chemical Engineer,1
4126,Malina,Scroggs,GIS Technical Architect,1
4132,Amelita,Biernacki,Research Associate,1
4138,Elsi,Talby,Physical Therapy Assistant,1
4144,Terri,Melladew,Mechanical Systems Engineer,1
4150,Delila,Mussington,Analog Circuit Design manager,1
4156,Othilie,Edgerley,Associate Professor,1
4162,Matti,Hanney,Accounting Assistant II,1
4168,Amandi,Filipychev,Systems Administrator I,1
4174,Adda,Wyborn,Database Administrator IV,1
4180,Josephina,Benam,Budget/Accounting Analyst IV,1
4186,Bertram,Gilardone,Computer Systems Analyst III,1
4192,Clemente,Grisenthwaite,Editor,1
4198,Carma,Joye,Human Resources Manager,1
4204,Farrah,Ghent,General Manager,1
4210,Jon,Fitzhenry,Account Coordinator,1
4216,Pacorro,MacComiskey,Geologist IV,1
4222,Maynord,Cockayne,Web Designer IV,1
4228,Marcella,Sebring,Assistant Professor,1
4234,Zachariah,Westover,Geologist I,1
4240,Veronika,Summerton,Database Administrator I,1
4246,Giff,Tommasuzzi,Sales Representative,1
4252,Goldie,Ovendon,Account Coordinator,1
4258,Leshia,Tiner,Programmer Analyst IV,1
4264,Gabrielle,Karpinski,Staff Accountant III,1
4270,Kinny,Huddlestone,Graphic Designer,1
4276,Wenonah,Pankettman,Executive Secretary,1
4282,Shari,Shere,Sales Associate,1
4288,Yolane,Mosby,Paralegal,1
4294,Tobi,Windross,Administrative Officer,1
4300,Hubey,Gerin,Marketing Assistant,1
4306,Sue,Gosland,Software Consultant,1
4312,Nathanial,Gardner,Recruiter,1
4318,Pen,Blair,Staff Accountant I,1
4324,Aubrie,Loram,Product Engineer,1
4330,Nolly,Cud,Accountant IV,1
4336,Arron,Scoterbosh,Statistician I,1
4342,Onofredo,Dullard,Software Test Engineer III,1
4348,Britta,Melburg,Programmer Analyst II,1
4354,Rossy,Gosford,Account Executive,1
4360,Valle,Scrivinor,Cost Accountant,1
4366,Giselle,Groombridge,Financial Analyst,1
4372,Vassili,Dillicate,Administrative Officer,1
4378,Mavis,Domengue,Assistant Manager,1
4384,Sonni,Allston,Physical Therapy Assistant,1
4390,Beckie,Rentelll,Environmental Tech,1
4396,Jory,Furnell,Research Assistant III,1
4402,Pennie,Messenger,Quality Control Specialist,1
4408,Doralynn,Danigel,Biostatistician I,1
4414,Sabrina,Origan,Senior Financial Analyst,1
4420,Susie,Alfonzo,VP Marketing,1
4426,Marchelle,Bartlett,Internal Auditor,1
4432,Cassi,Crawley,Senior Developer,1
4438,Homer,Grave,Desktop Support Technician,1
4444,Dov,Mixhel,Help Desk Technician,1
4450,Eugenie,Dracey,Junior Executive,1
4456,Ewan,Choke,Systems Administrator III,1
4462,Humbert,Wrixon,Sales Associate,1
4468,Kent,Hubatsch,Cost Accountant,1
4474,Sascha,Emanson,Structural Analysis Engineer,1
4480,Nial,Smallpeice,Account Representative I,1
4486,Adara,Rosenzwig,Physical Therapy Assistant,1
4492,Coriss,Aish,Database Administrator IV,1
4498,Lilyan,Bertlin,Structural Engineer,1
4504,Bonni,Hurler,Pharmacist,1
4510,Kendal,McIlhatton,Clinical Specialist,1
4516,Johnathon,Eisak,Teacher,1
4522,Conney,Shurville,Research Associate,1
4528,Sharla,Ommundsen,General Manager,1
4534,Corrine,Clementucci,Quality Engineer,1
4540,Belle,Espley,Marketing Manager,1
4546,Irv,Ciabatteri,Budget/Accounting Analyst II,1
4552,Hazel,Raulston,Design Engineer,1
4558,Orella,De Domenici,Business Systems Development Analyst,1
4564,Abrahan,Ivasechko,Senior Sales Associate,1
4570,Winny,Birley,Social Worker,1
4576,Rochelle,Carnaman,Geological Engineer,1
4582,Lanny,Chauvey,Physical Therapy Assistant,1
4588,Thatcher,Gueny,Quality Control Specialist,1
4594,Travus,Stevani,Nurse,1
4600,Bonnie,Jehaes,Registered Nurse,1
4606,Stillmann,Clymer,Account Coordinator,1
4612,Roseline,McLaughlin,Product Engineer,1
4618,Alisander,Suffe,Junior Executive,1
4624,Carr,Sherel,Compensation Analyst,1
4630,Dasha,Spera,Social Worker,1
4636,Demetri,Elt,Research Associate,1
4642,Richmond,Matyushenko,Office Assistant III,1
4648,Lindi,Figge,Food Chemist,1
4654,Daffie,Fairburn,VP Accounting,1
4660,Timmi,Bellini,Budget/Accounting Analyst III,1
4666,Denys,Duckerin,Junior Executive,1
4672,Godart,Rominov,Statistician IV,1
4678,Kimble,Fley,Help Desk Operator,1
4684,Shelby,Stannion,Senior Editor,1
4690,Cassie,Postans,Desktop Support Technician,1
4696,Ruthy,Dalyiel,Cost Accountant,1
4702,Odetta,Hornbuckle,Technical Writer,1
4708,Ibbie,Hardwidge,Financial Analyst,1
4714,Nesta,Samber,Graphic Designer,1
4720,Kippie,Burress,Senior Developer,1
4726,Phebe,Tait,Structural Analysis Engineer,1
4732,Curry,Rycraft,Quality Engineer,1
4738,Cristine,Kitchin,Analyst Programmer,1
4744,Ranique,Rhydderch,Geologist II,1
4750,Trenna,Rigmond,Senior Developer,1
4756,Jasen,Windridge,Senior Quality Engineer,1
4762,Gertruda,Casotti,Analyst Programmer,1
4768,Biddy,Hargie,Geological Engineer,1
4774,Joyce,Dionisii,Systems Administrator III,1
4780,Salvatore,Hairs,Food Chemist,1
4786,Karry,Syres,Software Test Engineer II,1
4792,Rustie,Braunstein,Registered Nurse,1
4798,Marlo,Conn,Nuclear Power Engineer,1
4804,Ardath,Peppett,Administrative Assistant IV,1
4810,Johnathon,Airy,Biostatistician III,1
4816,Derry,Bean,Civil Engineer,1
4822,Marcy,Heustace,Senior Developer,1
4828,Eustacia,Alliband,VP Accounting,1
4834,Huey,Hirsch,Physical Therapy Assistant,1
4840,Crosby,Matcham,Environmental Specialist,1
4846,Daniele,Du Plantier,Payment Adjustment Coordinator,1
4852,Zitella,Pensom,Staff Accountant III,1
4858,Jodi,Dacre,Software Consultant,1
4864,Nikkie,Levicount,Graphic Designer,1
4870,Karylin,Racher,Clinical Specialist,1
4876,Stanislaus,Bartlett,Help Desk Operator,1
4882,Orsola,Dulanty,Dental Hygienist,1
4888,Bondie,Rentoul,Programmer Analyst I,1
4894,Carie,Mandell,Chief Design Engineer,1
4900,Jordanna,Manueli,Analog Circuit Design manager,1
4906,Kirk,Stidson,Structural Analysis Engineer,1
4912,Angeline,Inwood,Quality Engineer,1
4918,Padget,Moseby,Media Manager II,1
4924,Viviana,Donaher,Social Worker,1
4930,Bogey,Keefe,Business Systems Development Analyst,1
4936,Abraham,Klimecki,Human Resources Manager,1
4942,Gaston,Maxfield,Cost Accountant,1
4948,Mathilde,Beynon,Actuary,1
4954,Jeromy,Snookes,Recruiting Manager,1
4960,Richard,Boise,Accounting Assistant III,1
4966,Lind,Landre,Senior Sales Associate,1
4972,Syd,Brightie,Structural Analysis Engineer,1
4978,Rozamond,Caldaro,Systems Administrator II,1
4984,Nil,Briat,VP Accounting,1
4990,Bryana,Zambonini,Senior Editor,1
4996,Christabel,Christoffersen,Chemical Engineer,1
5002,Tamma,Klus,Sales Associate,1
5008,Bengt,Whatling,Marketing Manager,1
5014,Reinaldo,Fieller,Office Assistant III,1
5020,Roselin,Christian,Editor,1
5026,Hall,Puzey,Occupational Therapist,1
5032,Buddy,Puvia,Staff Scientist,1
5038,Wilma,McConigal,Teacher,1
5044,Gaynor,Mayoral,Physical Therapy Assistant,1
5050,Witty,Hevner,Professor,1
5056,Molly,Maycock,Mechanical Systems Engineer,1
5062,Lucian,Pobjay,Quality Engineer,1
5068,Gabie,Peto,Quality Control Specialist,1
5074,Farley,Riding,Engineer IV,1
5080,Shaw,Blissett,Dental Hygienist,1
5086,Rochester,Scolding,Teacher,1
5092,Melesa,Asey,Chief Design Engineer,1
5098,Clea,Odams,Systems Administrator IV,1
5104,Ianthe,Geharke,Budget/Accounting Analyst IV,1
5110,Carri,Jansik,Community Outreach Specialist,1
5116,Ode,Forsyth,Executive Secretary,1
5122,Chrystel,Goodbourn,Chemical Engineer,1
5128,Lucinda,Haward,Human Resources Manager,1
5134,Eldridge,Althorpe,VP Sales,1
5140,Dario,Conaghan,Product Engineer,1
5146,Kaleb,Eatherton,Research Associate,1
5152,Roanne,Gehring,Nurse,1
5158,Ninetta,Cock,Community Outreach Specialist,1
5164,Gillian,Corriea,Staff Scientist,1
5170,Marlowe,Gian,Recruiter,1
5176,Coral,Bosward,Occupational Therapist,1
5182,Tuckie,Darrow,VP Product Management,1
5188,Kennan,Barbour,Geologist I,1
5194,Perry,Woolward,Account Coordinator,1
5200,Cirillo,Klima,Quality Control Specialist,1
5206,Madlin,Matthewes,Occupational Therapist,1
5212,Dory,Klageman,Business Systems Development Analyst,1
5218,Frederica,Rosettini,Sales Associate,1
5224,Wynne,Dowderswell,Research Associate,1
5230,Danyelle,Kisbee,Legal Assistant,1
5236,Esmaria,Puckrin,Electrical Engineer,1
5242,Brooks,Mozzetti,Senior Developer,1
5248,Leonore,Marcinkus,Project Manager,1
5254,Reginauld,Sails,Professor,1
5260,Elaina,Yemm,Nurse,1
5266,Robyn,Shilleto,Speech Pathologist,1
5272,Lion,Ollerearnshaw,Food Chemist,1
5278,Retha,Streight,Executive Secretary,1
5284,Cyrillus,Scoble,Clinical Specialist,1
5290,Yoko,Pipes,Quality Engineer,1
5296,Nolana,Jamrowicz,Business Systems Development Analyst,1
5302,Georgie,Iowarch,Research Associate,1
5308,Edi,Eaves,Marketing Assistant,1
5314,Cortie,Dabnor,Programmer Analyst II,1
5320,Amelie,Twigg,Accountant I,1
5326,Annamarie,Woolf,Research Associate,1
5332,Vincents,Ditch,Programmer I,1
5338,Tabbatha,Spurden,Software Test Engineer II,1
5344,Gav,Leming,Technical Writer,1
5350,Donny,Hains,Budget/Accounting Analyst IV,1
5356,Jamie,Mattacks,Nurse,1
5362,Kissie,Iacobo,Research Nurse,1
5368,Garrott,Crichten,Accounting Assistant II,1
5374,Marthena,Jahncke,Recruiting Manager,1
5380,Kriste,Simmings,Desktop Support Technician,1
5386,Sherilyn,Gerardeaux,VP Product Management,1
5392,Thedric,McAdam,Quality Control Specialist,1
5398,Hershel,Trahair,Programmer III,1
5404,Aimil,Bentick,Health Coach III,1
5410,Lizzie,Kordova,Cost Accountant,1
5416,Charil,Assender,VP Sales,1
5422,Tobe,Etherton,Geological Engineer,1
5428,Christoforo,Worgan,Chemical Engineer,1
5434,Rebeka,Cornelius,Internal Auditor,1
5440,Saundra,Yarrington,Accounting Assistant II,1
5446,Nanine,Brunt,Social Worker,1
5452,Herby,Donati,Design Engineer,1
5458,Rhoda,Muccino,Office Assistant III,1
5464,Ursa,Gibbon,Computer Systems Analyst IV,1
5470,Ula,Bilborough,Teacher,1
5476,Ede,Couche,Nurse Practicioner,1
5482,Edythe,Fullylove,Assistant Professor,1
5488,Crosby,Kisbey,Civil Engineer,1
5494,Arley,Yearn,VP Marketing,1
5500,Imelda,Demare,Human Resources Manager,1
5506,Dolley,Saill,Professor,1
5512,Kendell,Maxworthy,Desktop Support Technician,1
5518,Sigmund,Lindstedt,Assistant Media Planner,1
5524,Caterina,Van der Daal,Statistician III,1
5530,Korie,Dallman,Web Designer II,1
5536,Chelsey,Kubicka,Legal Assistant,1
5542,Raye,Purdon,Design Engineer,1
5548,Mathe,Dorset,Compensation Analyst,1
5554,Elwyn,Belchambers,Quality Engineer,1
5560,Yard,Poxson,Nurse Practicioner,1
5566,Caryn,Stiven,VP Quality Control,1
5572,Alberik,Bohlje,Biostatistician III,1
5578,Dael,Haitlie,Design Engineer,1
5584,Wendall,Phayre,Programmer III,1
5590,Kirby,Rabier,Structural Analysis Engineer,1
5596,Trent,Jaggar,VP Sales,1
5602,Normand,Milbourne,Junior Executive,1
5608,Ephrem,Sircomb,Engineer I,1
5614,Alfred,Lamb-shine,Registered Nurse,1
5620,Siana,Brockington,Accountant III,1
5626,Kellia,Peak,Graphic Designer,1
5632,Libby,Managh,Payment Adjustment Coordinator,1
5638,Marsh,Maletratt,Administrative Assistant III,1
5644,Sephira,Arbuckel,Registered Nurse,1
5650,Ondrea,Burnhill,Operator,1
5656,Robbyn,Phillps,Programmer I,1
5662,Rafaela,Browell,Human Resources Manager,1
5668,Jeno,Arkle,Data Coordiator,1
5674,Dare,Grayling,Operator,1
5680,Gunter,Stuke,Senior Sales Associate,1
5686,Cherilyn,Furze,Sales Associate,1
5692,Hailee,Turl,Technical Writer,1
5698,Johny,Eisikovitsh,Geological Engineer,1
5704,Carly,Darbon,Community Outreach Specialist,1
5710,Conrade,Redmain,Software Consultant,1
5716,Kizzie,Kleinplatz,Software Consultant,1
5722,Heather,Antoniades,Senior Editor,1
5728,Cad,Hilary,Nurse Practicioner,1
5734,Maddy,Lysaght,Sales Associate,1
5740,Lewes,Ciccerale,Pharmacist,1
5746,Kordula,Tungay,Senior Quality Engineer,1
5752,Syd,Eyers,Internal Auditor,1
5758,Annette,Gittings,Sales Representative,1
5764,Helga,Buddell,Senior Financial Analyst,1
5770,Alyce,Corbould,Account Representative III,1
5776,Haroun,Butten,Internal Auditor,1
5782,Audie,Sansum,Chemical Engineer,1
5788,Isabelita,Felgate,Biostatistician II,1
5794,Burg,Airdrie,Compensation Analyst,1
5800,Adela,Growcott,Health Coach I,1
5806,Ynes,Gleadhell,Quality Control Specialist,1
5812,Tasia,Kernock,VP Product Management,1
5818,Borg,Epps,Associate Professor,1
5824,Sherye,Litchfield,Biostatistician III,1
5830,Molly,Gosson,Director of Sales,1
5836,Roland,Tarplee,Programmer I,1
5842,Siward,Brumhead,Administrative Officer,1
5848,Micah,Mattioni,Account Executive,1
5854,Maggi,Risbridge,Librarian,1
5860,Ainslee,Sallier,Junior Executive,1
5866,Nichole,Cantwell,Quality Control Specialist,1
5872,Kareem,Mothersole,Executive Secretary,1
5878,Monique,Shepley,Design Engineer,1
5884,Evelyn,Sprosson,Legal Assistant,1
5890,Jack,Vankeev,Environmental Tech,1
5896,Alene,Brasted,Programmer IV,1
5902,Yancey,Bootyman,Nuclear Power Engineer,1
5908,Mab,Harder,Pharmacist,1
5914,Germain,Johns,VP Quality Control,1
5920,Garv,Edson,Occupational Therapist,1
5926,Fred,Gokes,Director of Sales,1
5932,Ajay,Missen,Financial Advisor,1
5938,L;urette,Vagges,Account Coordinator,1
5944,Florinda,Laugheran,Desktop Support Technician,1
5950,Bear,Bottby,Professor,1
5956,Stillman,Senecaut,Marketing Assistant,1
5962,Cissiee,Pidler,Programmer Analyst IV,1
5968,Stafani,McLaggan,Dental Hygienist,1
5974,See,Ridley,Marketing Manager,1
5980,Chaddy,Hathorn,Community Outreach Specialist,1
5986,Mindy,Corneljes,Accountant II,1
5992,Skelly,Gresch,Technical Writer,1
5998,Asa,Baudry,Programmer Analyst III,1
6004,Margarette,Taggart,Account Coordinator,1
6010,Gherardo,Bullimore,Database Administrator III,1
6016,Kitti,Duly,Professor,1
6022,Roscoe,Ciardo,Physical Therapy Assistant,1
6028,Frankie,Birchenhead,Account Coordinator,1
6034,Zonda,Astley,Geologist III,1
6040,Winny,McPartlin,VP Accounting,1
6046,Caroljean,Brennon,Product Engineer,1
6052,Sherlocke,Maude,General Manager,1
6058,Desiri,Harm,Senior Editor,1
6064,Brinn,Toten,Tax Accountant,1
6070,Bord,Gorhardt,Graphic Designer,1
6076,Cullan,Pech,VP Accounting,1
6082,Charles,Phelit,Quality Engineer,1
6088,Reilly,Abbotson,Assistant Professor,1
6094,Colet,Lyenyng,Senior Cost Accountant,1
6100,Theresina,Gidden,Nuclear Power Engineer,1
6106,Aundrea,Eyeington,Information Systems Manager,1
6112,Chickie,Hubbucks,Internal Auditor,1
6118,Anabella,McKue,Occupational Therapist,1
6124,Milo,Szymonwicz,Quality Control Specialist,1
6130,Darren,Wanka,Desktop Support Technician,1
6136,Melitta,Nosworthy,Recruiter,1
6142,Jemie,Carnduff,Software Test Engineer III,1
6148,Chickie,Brolly,Food Chemist,1
6154,Carmelita,Steels,Dental Hygienist,1
6160,Vinnie,Mordacai,VP Quality Control,1
6166,Paten,Del Checolo,Sales Associate,1
6172,Cob,Guillard,Product Engineer,1
6178,Avery,Bagnall,Nurse,1
6184,Hieronymus,Viggers,Health Coach II,1
6190,Ewell,Folkerd,Senior Cost Accountant,1
6196,Rourke,Whyte,Senior Financial Analyst,1
6202,Freddy,Seywood,Community Outreach Specialist,1
6208,Grayce,Cayette,Marketing Manager,1
6214,Ivar,Bernardeschi,VP Quality Control,1
6220,Kendre,Recher,Senior Developer,1
6226,Vail,Petrusch,Senior Financial Analyst,1
6232,Dion,Padgett,Senior Quality Engineer,1
6238,Brade,Prinett,Electrical Engineer,1
6244,Inge,Saffin,General Manager,1
6250,Shelden,Garnul,Analyst Programmer,1
6256,Orelia,Farryn,Senior Editor,1
6262,Artus,Bassilashvili,Research Nurse,1
6268,Dodie,De Goey,Account Executive,1
6274,Carson,Bealing,Project Manager,1
6280,Fanni,Colleran,Geologist IV,1
6286,Flss,Footitt,Social Worker,1
6292,Jeremy,Wheelband,Help Desk Technician,1
6298,Jocelyn,Clixby,Associate Professor,1
6304,Stacy,Beston,Environmental Specialist,1
6310,Rourke,Akers,Analog Circuit Design manager,1
6316,Izaak,Munford,Community Outreach Specialist,1
6322,Conchita,Derisly,Editor,1
6328,Glen,Surgison,Design Engineer,1
6334,Grenville,Jerrans,Automation Specialist II,1
6340,Anni,Kilpin,General Manager,1
6346,Wang,Sandall,Data Coordiator,1
6352,Melamie,Horick,Analog Circuit Design manager,1
6358,Emilio,Wakeman,Structural Analysis Engineer,1
6364,Edouard,Dunbleton,Business Systems Development Analyst,1
6370,Sherwood,Di Franceschi,Speech Pathologist,1
6376,Rowe,Seleway,Executive Secretary,1
6382,Ariana,Payle,Design Engineer,1
6388,Felicdad,Wellwood,GIS Technical Architect,1
6394,Mildred,Prydie,Compensation Analyst,1
6400,Lauralee,Virgoe,Software Test Engineer IV,1
6406,Nertie,Mully,Software Consultant,1
6412,Jerry,Bisset,Dental Hygienist,1
6418,Marci,Skeemer,Assistant Media Planner,1
6424,Angeline,Barwack,Speech Pathologist,1
6430,Jefferey,Bessant,Quality Engineer,1
6436,Shirleen,Luty,Payment Adjustment Coordinator,1
6442,Cacilie,Wilshere,Research Assistant III,1
6448,Teresa,Rowley,VP Accounting,1
6454,Julie,Laxston,Human Resources Assistant IV,1
6460,Way,Tivers,Business Systems Development Analyst,1
6466,Rozina,Gogan,Software Test Engineer II,1
6472,Christal,Duchart,Help Desk Operator,1
6478,Olivero,Pessolt,Sales Associate,1
6484,Cathee,Worvell,Business Systems Development Analyst,1
6490,Claudell,Talks,Editor,1
6496,Cinnamon,Domokos,Associate Professor,1
6502,Glyn,Ferenczy,Product Engineer,1
6508,Aristotle,Deschlein,Senior Cost Accountant,1
6514,Seumas,Maddocks,Administrative Officer,1
6520,Luce,Capron,Administrative Assistant IV,1
6526,Charita,Brattan,Operator,1
6532,Dallas,Hendrick,Technical Writer,1
6538,Tuesday,Laurisch,VP Marketing,1
6544,Jaquelyn,Carmont,Internal Auditor,1
6550,Octavius,Gerry,Human Resources Manager,1
6556,Netty,Gumbrell,Senior Cost Accountant,1
6562,Sigismond,Hawsby,Civil Engineer,1
6568,Chloris,Scupham,Project Manager,1
6574,Moyra,Halliburton,Senior Financial Analyst,1
6580,Virgina,Howel,Programmer IV,1
6586,Gwynne,Ferriere,Librarian,1
6592,Abigail,Makinson,Structural Engineer,1
6598,Lila,Jaycocks,Civil Engineer,1
6604,Mycah,Valentin,Senior Financial Analyst,1
6610,Francisco,Bisset,Quality Engineer,1
6616,Felic,Lestrange,Tax Accountant,1
6622,Gertruda,Surgeon,Cost Accountant,1
6628,Kikelia,Doret,Internal Auditor,1
6634,Ephrem,Leiden,Social Worker,1
6640,Anabel,Bramhill,Electrical Engineer,1
6646,Roxane,Stallworthy,Civil Engineer,1
6652,Laverne,Bevans,VP Accounting,1
6658,Alikee,Jarvis,Staff Scientist,1
6664,Claudius,Dissman,Nurse,1
6670,Lucita,Newcom,Senior Cost Accountant,1
6676,Kele,Sworne,Computer Systems Analyst IV,1
6682,Dale,McCaughey,Developer IV,1
6688,Dulce,Plume,Data Coordiator,1
6694,Jocko,Helbeck,General Manager,1
6700,Johanna,Brophy,Marketing Manager,1
6706,Westbrooke,Manuelli,Systems Administrator I,1
6712,Crin,Milam,Budget/Accounting Analyst III,1
6718,Jillayne,Joist,Assistant Professor,1
6724,Hildegarde,Bunston,Community Outreach Specialist,1
6730,Roseline,Crummy,Paralegal,1
6736,Brandise,Brazil,Information Systems Manager,1
6742,Benedikt,Scoffins,Senior Quality Engineer,1
6748,Binni,Delamaine,Statistician I,1
6754,Calida,Nott,Quality Control Specialist,1
6760,Adriane,Petracchi,GIS Technical Architect,1
6766,Avery,MacMorland,Account Coordinator,1
6772,Steffen,Cocher,Safety Technician IV,1
6778,Jaime,Siddell,VP Quality Control,1
6784,Shurwood,Koche,Assistant Professor,1
6790,Sharlene,Krojn,Recruiter,1
6796,Khalil,Prati,Software Engineer I,1
6802,Dulciana,Simonou,GIS Technical Architect,1
6808,Web,Guinnane,Teacher,1
6814,Donnamarie,Bridgement,Budget/Accounting Analyst I,1
6820,Elwin,Sains,Web Designer II,1
6826,Ly,Messam,Data Coordiator,1
6832,Crissie,Ballham,Engineer IV,1
6838,Marcos,Clawe,Staff Scientist,1
6844,Kayla,MacRirie,Chemical Engineer,1
6850,Sonny,Cranstone,Design Engineer,1
6856,Silvan,O'Skehan,Food Chemist,1
6862,Gabey,Condon,Administrative Officer,1
6868,Reggie,Byneth,Software Engineer I,1
6874,Gregor,Simounet,VP Quality Control,1
6880,Anne,Hutfield,Assistant Media Planner,1
6886,Sandra,Roxbrough,Programmer Analyst II,1
6892,Emera,Balden,Dental Hygienist,1
6898,Luce,Stracey,Editor,1
6904,Marcile,Ourtic,Account Representative II,1
6910,Lonnie,Spreull,VP Sales,1
6916,Dahlia,Raye,Structural Analysis Engineer,1
6922,Ashlee,Ramshay,Data Coordiator,1
6928,Ailbert,Peto,Food Chemist,1
6934,Merrielle,Chuck,VP Product Management,1
6940,Elysia,Andriolli,Budget/Accounting Analyst III,1
6946,Annice,Bridgett,Biostatistician I,1
6952,Gibb,Whates,Sales Associate,1
6958,Philis,Merton,Senior Sales Associate,1
6964,Rahel,Philipsen,Financial Advisor,1
6970,Halimeda,Gircke,Senior Sales Associate,1
6976,Rahel,Rowson,Geologist II,1
6982,Moss,Kirman,Senior Developer,1
6988,Herbie,Fonso,Civil Engineer,1
6994,Filippa,Conerding,Research Assistant II,1
7000,Nathalia,Trevethan,Payment Adjustment Coordinator,1
